image,name,0,1,2,3,4,5
ggc1e08cbc_0,monarch,0.0,1.0,0.0,0.0,0.0,0.0
gh150f104b_0,tiger,0.0,0.0,0.0,0.0,1.0,0.0
gh20ab0d9c_0,black,1.0,0.0,0.0,0.0,0.0,0.0
gh2d5c8c79_0,monarch,0.0,1.0,0.0,0.0,0.0,0.0
gh6adf74a4_0,pipevine,0.0,0.0,1.0,0.0,0.0,0.0
ghac992a45_0,tiger,0.0,0.0,0.0,0.0,1.0,0.0
gi31f90cd5_0,monarch,0.0,1.0,0.0,0.0,0.0,0.0
gi53e890fc_0,pipevine,0.0,0.0,1.0,0.0,0.0,0.0
gi7c958724_0,black,1.0,0.0,0.0,0.0,0.0,0.0
gid11e8b77_0,pipevine,0.0,0.0,1.0,0.0,0.0,0.0
gie7ebda2f_0,pipevine,0.0,0.0,1.0,0.0,0.0,0.0
gj4a62acdc_0,viceroy,0.0,0.0,0.0,0.0,0.0,1.0
gk60dd2749_0,black,1.0,0.0,0.0,0.0,0.0,0.0
gl52479fb0_0,black,1.0,0.0,0.0,0.0,0.0,0.0
gm025be3d6_0,monarch,0.0,1.0,0.0,0.0,0.0,0.0
gm136c6846_0,black,1.0,0.0,0.0,0.0,0.0,0.0
gm894b4360_0,monarch,0.0,1.0,0.0,0.0,0.0,0.0
gn4847e6e0_0,black,1.0,0.0,0.0,0.0,0.0,0.0
gn4977d4a7_0,monarch,0.0,1.0,0.0,0.0,0.0,0.0
gna250129d_0,viceroy,0.0,0.0,0.0,0.0,0.0,1.0
gnf8b4bdaf_0,black,1.0,0.0,0.0,0.0,0.0,0.0
go5df9f07d_0,black,1.0,0.0,0.0,0.0,0.0,0.0
gp9fa11233_0,pipevine,0.0,0.0,1.0,0.0,0.0,0.0
gq0be0c373_0,tiger,0.0,0.0,0.0,0.0,1.0,0.0
gq4b013999_0,pipevine,0.0,0.0,1.0,0.0,0.0,0.0
gq4b12ec82_0,tiger,0.0,0.0,0.0,0.0,1.0,0.0
gq8c10017d_0,tiger,0.0,0.0,0.0,0.0,1.0,0.0
gqb08b2f66_0,tiger,0.0,0.0,0.0,0.0,1.0,0.0
gqc8a424f1_0,tiger,0.0,0.0,0.0,0.0,1.0,0.0
gqd515a868_0,tiger,0.0,0.0,0.0,0.0,1.0,0.0
grb458bc7d_0,pipevine,0.0,0.0,1.0,0.0,0.0,0.0
gre84c9598_0,viceroy,0.0,0.0,0.0,0.0,0.0,1.0
gs139b0732_0,black,1.0,0.0,0.0,0.0,0.0,0.0
gs268221a1_0,tiger,0.0,0.0,0.0,0.0,1.0,0.0
gu69d17c26_0,black,1.0,0.0,0.0,0.0,0.0,0.0
gv1db80352_0,tiger,0.0,0.0,0.0,0.0,1.0,0.0
gv687080f6_0,black,1.0,0.0,0.0,0.0,0.0,0.0
gvae9c7985_0,pipevine,0.0,0.0,1.0,0.0,0.0,0.0
gvef7c2c0f_0,monarch,0.0,1.0,0.0,0.0,0.0,0.0
gw0bc3cc2e_0,tiger,0.0,0.0,0.0,0.0,1.0,0.0
gw47ddbdab_0,spicebush,0.0,0.0,0.0,1.0,0.0,0.0
gy806152ae_0,pipevine,0.0,0.0,1.0,0.0,0.0,0.0
hg57d18eac_0,black,1.0,0.0,0.0,0.0,0.0,0.0
hg958a6dfb_0,spicebush,0.0,0.0,0.0,1.0,0.0,0.0
hgcf177d0b_0,black,1.0,0.0,0.0,0.0,0.0,0.0
hgd507d2e2_0,viceroy,0.0,0.0,0.0,0.0,0.0,1.0
hge37d3616_0,spicebush,0.0,0.0,0.0,1.0,0.0,0.0
hgf448bf3b_0,tiger,0.0,0.0,0.0,0.0,1.0,0.0
hheb280859_0,spicebush,0.0,0.0,0.0,1.0,0.0,0.0
hia33e4bb1_0,pipevine,0.0,0.0,1.0,0.0,0.0,0.0
hib23ee1c5_0,viceroy,0.0,0.0,0.0,0.0,0.0,1.0
hk7043d9d8_0,spicebush,0.0,0.0,0.0,1.0,0.0,0.0
hka0b1c46b_0,spicebush,0.0,0.0,0.0,1.0,0.0,0.0
hl1cb9a30e_0,spicebush,0.0,0.0,0.0,1.0,0.0,0.0
hl1e2db269_0,spicebush,0.0,0.0,0.0,1.0,0.0,0.0
hl6d19d1d2_0,pipevine,0.0,0.0,1.0,0.0,0.0,0.0
hl946e395f_0,pipevine,0.0,0.0,1.0,0.0,0.0,0.0
hldd660eaa_0,black,1.0,0.0,0.0,0.0,0.0,0.0
hm9c81f7a4_0,monarch,0.0,1.0,0.0,0.0,0.0,0.0
hmae607f48_0,monarch,0.0,1.0,0.0,0.0,0.0,0.0
hn07b83bbb_0,black,1.0,0.0,0.0,0.0,0.0,0.0
hoc6d3cdbb_0,viceroy,0.0,0.0,0.0,0.0,0.0,1.0
hp7c05fb8e_0,monarch,0.0,1.0,0.0,0.0,0.0,0.0
hpfb48c629_0,tiger,0.0,0.0,0.0,0.0,1.0,0.0
hq013fd8ec_0,pipevine,0.0,0.0,1.0,0.0,0.0,0.0
hr631c6787_0,tiger,0.0,0.0,0.0,0.0,1.0,0.0
hr9fc70031_0,spicebush,0.0,0.0,0.0,1.0,0.0,0.0
hs0bd09abf_0,monarch,0.0,1.0,0.0,0.0,0.0,0.0
ht3fbfc549_0,tiger,0.0,0.0,0.0,0.0,1.0,0.0
ht4c20fdf9_0,pipevine,0.0,0.0,1.0,0.0,0.0,0.0
ht88467b31_0,monarch,0.0,1.0,0.0,0.0,0.0,0.0
hv78cbb79d_0,black,1.0,0.0,0.0,0.0,0.0,0.0
hv85b01293_0,black,1.0,0.0,0.0,0.0,0.0,0.0
hw85b772c2_0,black,1.0,0.0,0.0,0.0,0.0,0.0
hwe2fd0356_0,pipevine,0.0,0.0,1.0,0.0,0.0,0.0
hx7d9bd820_0,black,1.0,0.0,0.0,0.0,0.0,0.0
hy4330dc26_0,black,1.0,0.0,0.0,0.0,0.0,0.0
hy58e652c1_0,pipevine,0.0,0.0,1.0,0.0,0.0,0.0
hy8421afa4_0,black,1.0,0.0,0.0,0.0,0.0,0.0
hz2efe9138_0,tiger,0.0,0.0,0.0,0.0,1.0,0.0
hz3da26f25_0,pipevine,0.0,0.0,1.0,0.0,0.0,0.0
hz9d604441_0,monarch,0.0,1.0,0.0,0.0,0.0,0.0
hza11eb4e4_0,monarch,0.0,1.0,0.0,0.0,0.0,0.0
ig68ce7aca_0,viceroy,0.0,0.0,0.0,0.0,0.0,1.0
ig8ee3cb48_0,pipevine,0.0,0.0,1.0,0.0,0.0,0.0
ih055d6dc7_0,pipevine,0.0,0.0,1.0,0.0,0.0,0.0
ih3675dfdf_0,spicebush,0.0,0.0,0.0,1.0,0.0,0.0
ii62f27ffc_0,spicebush,0.0,0.0,0.0,1.0,0.0,0.0
ii7d4779ec_0,pipevine,0.0,0.0,1.0,0.0,0.0,0.0
ii7ecbced3_0,pipevine,0.0,0.0,1.0,0.0,0.0,0.0
iiac07074a_0,pipevine,0.0,0.0,1.0,0.0,0.0,0.0
iife627ee7_0,black,1.0,0.0,0.0,0.0,0.0,0.0
ij35d1adb4_0,pipevine,0.0,0.0,1.0,0.0,0.0,0.0
ij5fdec1f8_0,black,1.0,0.0,0.0,0.0,0.0,0.0
ij7f88d0bf_0,monarch,0.0,1.0,0.0,0.0,0.0,0.0
ij8e5c63f9_0,tiger,0.0,0.0,0.0,0.0,1.0,0.0
ijb0a15a59_0,monarch,0.0,1.0,0.0,0.0,0.0,0.0
ik9df18d99_0,spicebush,0.0,0.0,0.0,1.0,0.0,0.0
il08bce221_0,pipevine,0.0,0.0,1.0,0.0,0.0,0.0
in3afcdf19_0,viceroy,0.0,0.0,0.0,0.0,0.0,1.0
inbaf70f38_0,monarch,0.0,1.0,0.0,0.0,0.0,0.0
io504e927b_0,pipevine,0.0,0.0,1.0,0.0,0.0,0.0
io5d617625_0,pipevine,0.0,0.0,1.0,0.0,0.0,0.0
ioac614e9a_0,pipevine,0.0,0.0,1.0,0.0,0.0,0.0
ip0e9c3fa9_0,pipevine,0.0,0.0,1.0,0.0,0.0,0.0
ip4e1f6910_0,viceroy,0.0,0.0,0.0,0.0,0.0,1.0
ipd9127c72_0,black,1.0,0.0,0.0,0.0,0.0,0.0
iqac03fe02_0,black,1.0,0.0,0.0,0.0,0.0,0.0
ira9517e91_0,viceroy,0.0,0.0,0.0,0.0,0.0,1.0
is34088af4_0,monarch,0.0,1.0,0.0,0.0,0.0,0.0
is5a5dcd4a_0,spicebush,0.0,0.0,0.0,1.0,0.0,0.0
is7af40c1f_0,viceroy,0.0,0.0,0.0,0.0,0.0,1.0
is91bec84d_0,viceroy,0.0,0.0,0.0,0.0,0.0,1.0
isac8629f8_0,tiger,0.0,0.0,0.0,0.0,1.0,0.0
itd1de10ca_0,viceroy,0.0,0.0,0.0,0.0,0.0,1.0
iu243db4bb_0,tiger,0.0,0.0,0.0,0.0,1.0,0.0
iu29fa6c6e_0,viceroy,0.0,0.0,0.0,0.0,0.0,1.0
iu5f3e7451_0,monarch,0.0,1.0,0.0,0.0,0.0,0.0
iv693400b4_0,pipevine,0.0,0.0,1.0,0.0,0.0,0.0
iw28fb60c1_0,tiger,0.0,0.0,0.0,0.0,1.0,0.0
iwd893f5a6_0,black,1.0,0.0,0.0,0.0,0.0,0.0
ix698969fc_0,tiger,0.0,0.0,0.0,0.0,1.0,0.0
iy03ff3b76_0,black,1.0,0.0,0.0,0.0,0.0,0.0
iy42735db6_0,pipevine,0.0,0.0,1.0,0.0,0.0,0.0
iz45b43393_0,pipevine,0.0,0.0,1.0,0.0,0.0,0.0
izd1c6ada5_0,pipevine,0.0,0.0,1.0,0.0,0.0,0.0
jgc990ba2d_0,spicebush,0.0,0.0,0.0,1.0,0.0,0.0
ji16a6b79d_0,viceroy,0.0,0.0,0.0,0.0,0.0,1.0
ji627fbceb_0,pipevine,0.0,0.0,1.0,0.0,0.0,0.0
ji982672f1_0,black,1.0,0.0,0.0,0.0,0.0,0.0
jia6c76280_0,black,1.0,0.0,0.0,0.0,0.0,0.0
jic82a7f22_0,monarch,0.0,1.0,0.0,0.0,0.0,0.0
jid17ab2e4_0,monarch,0.0,1.0,0.0,0.0,0.0,0.0
jj2225de1f_0,tiger,0.0,0.0,0.0,0.0,1.0,0.0
jk2fd129a8_0,monarch,0.0,1.0,0.0,0.0,0.0,0.0
jk7feac0f8_0,pipevine,0.0,0.0,1.0,0.0,0.0,0.0
jl8a48d5ae_0,monarch,0.0,1.0,0.0,0.0,0.0,0.0
jlb2478256_0,pipevine,0.0,0.0,1.0,0.0,0.0,0.0
jmcfb37450_0,tiger,0.0,0.0,0.0,0.0,1.0,0.0
jn11d04e15_0,pipevine,0.0,0.0,1.0,0.0,0.0,0.0
jn3f252905_0,tiger,0.0,0.0,0.0,0.0,1.0,0.0
jn744f6d8f_0,monarch,0.0,1.0,0.0,0.0,0.0,0.0
jn80629e84_0,black,1.0,0.0,0.0,0.0,0.0,0.0
jo9ca06c05_0,pipevine,0.0,0.0,1.0,0.0,0.0,0.0
jp02134092_0,black,1.0,0.0,0.0,0.0,0.0,0.0
jpaf8b6d6a_0,tiger,0.0,0.0,0.0,0.0,1.0,0.0
jpc55813e0_0,black,1.0,0.0,0.0,0.0,0.0,0.0
jq5fd318ed_0,tiger,0.0,0.0,0.0,0.0,1.0,0.0
jq897908cb_0,tiger,0.0,0.0,0.0,0.0,1.0,0.0
jqb309c72b_0,monarch,0.0,1.0,0.0,0.0,0.0,0.0
jqc34dba27_0,pipevine,0.0,0.0,1.0,0.0,0.0,0.0
jrd86453bf_0,black,1.0,0.0,0.0,0.0,0.0,0.0
js61e7023d_0,monarch,0.0,1.0,0.0,0.0,0.0,0.0
js7958f943_0,tiger,0.0,0.0,0.0,0.0,1.0,0.0
jt7dfc1e25_0,monarch,0.0,1.0,0.0,0.0,0.0,0.0
jt8cea4f3a_0,pipevine,0.0,0.0,1.0,0.0,0.0,0.0
ju0e35d1ad_0,monarch,0.0,1.0,0.0,0.0,0.0,0.0
juc72396d0_0,pipevine,0.0,0.0,1.0,0.0,0.0,0.0
jv0d3dcbea_0,monarch,0.0,1.0,0.0,0.0,0.0,0.0
jv2fae20d0_0,spicebush,0.0,0.0,0.0,1.0,0.0,0.0
jvb7e2339b_0,spicebush,0.0,0.0,0.0,1.0,0.0,0.0
jx27031b0a_0,black,1.0,0.0,0.0,0.0,0.0,0.0
jx4f19d702_0,black,1.0,0.0,0.0,0.0,0.0,0.0
jy9a5465b3_0,spicebush,0.0,0.0,0.0,1.0,0.0,0.0
jz538cac58_0,pipevine,0.0,0.0,1.0,0.0,0.0,0.0
jz8684f348_0,tiger,0.0,0.0,0.0,0.0,1.0,0.0
jzbe5a2b7a_0,tiger,0.0,0.0,0.0,0.0,1.0,0.0
jzf60b6675_0,tiger,0.0,0.0,0.0,0.0,1.0,0.0
kg0687fab3_0,pipevine,0.0,0.0,1.0,0.0,0.0,0.0
kg54e9a900_0,tiger,0.0,0.0,0.0,0.0,1.0,0.0
kg6c395e59_0,pipevine,0.0,0.0,1.0,0.0,0.0,0.0
kga1aafb45_0,black,1.0,0.0,0.0,0.0,0.0,0.0
kge90675d4_0,monarch,0.0,1.0,0.0,0.0,0.0,0.0
khcf53753f_0,pipevine,0.0,0.0,1.0,0.0,0.0,0.0
khe48c7129_0,pipevine,0.0,0.0,1.0,0.0,0.0,0.0
ki416b07a1_0,pipevine,0.0,0.0,1.0,0.0,0.0,0.0
ki60b8e7fb_0,monarch,0.0,1.0,0.0,0.0,0.0,0.0
kic91ac8cd_0,monarch,0.0,1.0,0.0,0.0,0.0,0.0
kle7b296fa_0,pipevine,0.0,0.0,1.0,0.0,0.0,0.0
km1532e10e_0,tiger,0.0,0.0,0.0,0.0,1.0,0.0
kndcee81b8_0,viceroy,0.0,0.0,0.0,0.0,0.0,1.0
koa17406a0_0,pipevine,0.0,0.0,1.0,0.0,0.0,0.0
kp237d53bc_0,pipevine,0.0,0.0,1.0,0.0,0.0,0.0
kqb562bd7f_0,viceroy,0.0,0.0,0.0,0.0,0.0,1.0
kr318b9ce7_0,viceroy,0.0,0.0,0.0,0.0,0.0,1.0
krf0d9e23a_0,spicebush,0.0,0.0,0.0,1.0,0.0,0.0
ks1536e02e_0,pipevine,0.0,0.0,1.0,0.0,0.0,0.0
ks4c3d92af_0,tiger,0.0,0.0,0.0,0.0,1.0,0.0
ks6b8c1a0d_0,tiger,0.0,0.0,0.0,0.0,1.0,0.0
ksbf61ca28_0,viceroy,0.0,0.0,0.0,0.0,0.0,1.0
ktacdf4aae_0,pipevine,0.0,0.0,1.0,0.0,0.0,0.0
kw48a5d420_0,monarch,0.0,1.0,0.0,0.0,0.0,0.0
kwf169fb87_0,viceroy,0.0,0.0,0.0,0.0,0.0,1.0
kxd5bce9c0_0,tiger,0.0,0.0,0.0,0.0,1.0,0.0
kye4fdcd1c_0,monarch,0.0,1.0,0.0,0.0,0.0,0.0
kz28107cfd_0,pipevine,0.0,0.0,1.0,0.0,0.0,0.0
kz7a0f8313_0,black,1.0,0.0,0.0,0.0,0.0,0.0
kzae1f0308_0,viceroy,0.0,0.0,0.0,0.0,0.0,1.0
lga5c35c88_0,pipevine,0.0,0.0,1.0,0.0,0.0,0.0
lga7bc6720_0,black,1.0,0.0,0.0,0.0,0.0,0.0
lh8f580abd_0,pipevine,0.0,0.0,1.0,0.0,0.0,0.0
li47ff6742_0,monarch,0.0,1.0,0.0,0.0,0.0,0.0
li55a54702_0,spicebush,0.0,0.0,0.0,1.0,0.0,0.0
lia1877734_0,black,1.0,0.0,0.0,0.0,0.0,0.0
lid73caa0a_0,monarch,0.0,1.0,0.0,0.0,0.0,0.0
lj76912757_0,tiger,0.0,0.0,0.0,0.0,1.0,0.0
lkc0fe2ea4_0,monarch,0.0,1.0,0.0,0.0,0.0,0.0
lkf2fdb497_0,black,1.0,0.0,0.0,0.0,0.0,0.0
ll6146dc97_0,monarch,0.0,1.0,0.0,0.0,0.0,0.0
ll9d3bccfb_0,black,1.0,0.0,0.0,0.0,0.0,0.0
llaf631482_0,pipevine,0.0,0.0,1.0,0.0,0.0,0.0
lme43190e7_0,black,1.0,0.0,0.0,0.0,0.0,0.0
ln31a745f8_0,spicebush,0.0,0.0,0.0,1.0,0.0,0.0
ln5d48bb2f_0,viceroy,0.0,0.0,0.0,0.0,0.0,1.0
ln8f547602_0,pipevine,0.0,0.0,1.0,0.0,0.0,0.0
ln8ff09d2c_0,viceroy,0.0,0.0,0.0,0.0,0.0,1.0
lncce3fbdd_0,tiger,0.0,0.0,0.0,0.0,1.0,0.0
lnd8fea796_0,black,1.0,0.0,0.0,0.0,0.0,0.0
lo3c0fc95a_0,black,1.0,0.0,0.0,0.0,0.0,0.0
lo4797e09b_0,pipevine,0.0,0.0,1.0,0.0,0.0,0.0
lp7a22afae_0,tiger,0.0,0.0,0.0,0.0,1.0,0.0
lpafdb29a4_0,black,1.0,0.0,0.0,0.0,0.0,0.0
lpbb2e7767_0,pipevine,0.0,0.0,1.0,0.0,0.0,0.0
lq3c3e1daa_0,viceroy,0.0,0.0,0.0,0.0,0.0,1.0
lqd8d165a6_0,spicebush,0.0,0.0,0.0,1.0,0.0,0.0
lr5ceaefb4_0,viceroy,0.0,0.0,0.0,0.0,0.0,1.0
lr7ccf4004_0,monarch,0.0,1.0,0.0,0.0,0.0,0.0
lr8cc21eb8_0,monarch,0.0,1.0,0.0,0.0,0.0,0.0
ls471f55fb_0,black,1.0,0.0,0.0,0.0,0.0,0.0
lse7dbda8f_0,black,1.0,0.0,0.0,0.0,0.0,0.0
lt2021e2e1_0,monarch,0.0,1.0,0.0,0.0,0.0,0.0
ltf58ad3f4_0,pipevine,0.0,0.0,1.0,0.0,0.0,0.0
lu78149a46_0,monarch,0.0,1.0,0.0,0.0,0.0,0.0
lu8aa3000f_0,monarch,0.0,1.0,0.0,0.0,0.0,0.0
luade29da2_0,black,1.0,0.0,0.0,0.0,0.0,0.0
lv3dc2553e_0,pipevine,0.0,0.0,1.0,0.0,0.0,0.0
lv57fa3e29_0,spicebush,0.0,0.0,0.0,1.0,0.0,0.0
lwb60932fd_0,monarch,0.0,1.0,0.0,0.0,0.0,0.0
ly888b7b9a_0,black,1.0,0.0,0.0,0.0,0.0,0.0
mg032021ae_0,spicebush,0.0,0.0,0.0,1.0,0.0,0.0
mge0fd835b_0,viceroy,0.0,0.0,0.0,0.0,0.0,1.0
mh19e2c02b_0,black,1.0,0.0,0.0,0.0,0.0,0.0
mh1f0235df_0,monarch,0.0,1.0,0.0,0.0,0.0,0.0
mh226974b5_0,black,1.0,0.0,0.0,0.0,0.0,0.0
mhedc2adde_0,black,1.0,0.0,0.0,0.0,0.0,0.0
mi563db19a_0,tiger,0.0,0.0,0.0,0.0,1.0,0.0
midb564d33_0,pipevine,0.0,0.0,1.0,0.0,0.0,0.0
mj95e2fbbe_0,tiger,0.0,0.0,0.0,0.0,1.0,0.0
mjd77b818b_0,pipevine,0.0,0.0,1.0,0.0,0.0,0.0
mkf2fa469d_0,monarch,0.0,1.0,0.0,0.0,0.0,0.0
ml942b862b_0,pipevine,0.0,0.0,1.0,0.0,0.0,0.0
mm929710ed_0,tiger,0.0,0.0,0.0,0.0,1.0,0.0
mme435fcce_0,spicebush,0.0,0.0,0.0,1.0,0.0,0.0
mn36cc5dfe_0,monarch,0.0,1.0,0.0,0.0,0.0,0.0
mn46582cfc_0,pipevine,0.0,0.0,1.0,0.0,0.0,0.0
mndbd02724_0,spicebush,0.0,0.0,0.0,1.0,0.0,0.0
mo6e005539_0,monarch,0.0,1.0,0.0,0.0,0.0,0.0
mp2c96cd3e_0,viceroy,0.0,0.0,0.0,0.0,0.0,1.0
mqb41ae572_0,spicebush,0.0,0.0,0.0,1.0,0.0,0.0
mr72e0a3a4_0,pipevine,0.0,0.0,1.0,0.0,0.0,0.0
ms9556cc5a_0,pipevine,0.0,0.0,1.0,0.0,0.0,0.0
mu239bfa58_0,pipevine,0.0,0.0,1.0,0.0,0.0,0.0
mu91843ca3_0,tiger,0.0,0.0,0.0,0.0,1.0,0.0
mucb5365b3_0,viceroy,0.0,0.0,0.0,0.0,0.0,1.0
mv860c7bed_0,black,1.0,0.0,0.0,0.0,0.0,0.0
mwb05876e4_0,tiger,0.0,0.0,0.0,0.0,1.0,0.0
mx4fe59321_0,monarch,0.0,1.0,0.0,0.0,0.0,0.0
mx51744c58_0,spicebush,0.0,0.0,0.0,1.0,0.0,0.0
mxaabad3c3_0,tiger,0.0,0.0,0.0,0.0,1.0,0.0
my769f15a0_0,spicebush,0.0,0.0,0.0,1.0,0.0,0.0
mydfa14d34_0,spicebush,0.0,0.0,0.0,1.0,0.0,0.0
mz715f1a97_0,monarch,0.0,1.0,0.0,0.0,0.0,0.0
ng4c2872d8_0,viceroy,0.0,0.0,0.0,0.0,0.0,1.0
ng8da7bf8c_0,spicebush,0.0,0.0,0.0,1.0,0.0,0.0
nga9846b4b_0,pipevine,0.0,0.0,1.0,0.0,0.0,0.0
ngc3859bda_0,pipevine,0.0,0.0,1.0,0.0,0.0,0.0
ni2288c16c_0,black,1.0,0.0,0.0,0.0,0.0,0.0
nic822f151_0,tiger,0.0,0.0,0.0,0.0,1.0,0.0
nj409dc7b9_0,pipevine,0.0,0.0,1.0,0.0,0.0,0.0
nj4c562c63_0,black,1.0,0.0,0.0,0.0,0.0,0.0
nj7d0e2717_0,tiger,0.0,0.0,0.0,0.0,1.0,0.0
nja37392d1_0,monarch,0.0,1.0,0.0,0.0,0.0,0.0
nk0c63c5de_0,viceroy,0.0,0.0,0.0,0.0,0.0,1.0
nk1968ab9c_0,black,1.0,0.0,0.0,0.0,0.0,0.0
nl2525a26c_0,pipevine,0.0,0.0,1.0,0.0,0.0,0.0
nl64484ea2_0,tiger,0.0,0.0,0.0,0.0,1.0,0.0
nla16e28a5_0,monarch,0.0,1.0,0.0,0.0,0.0,0.0
nm0586d998_0,tiger,0.0,0.0,0.0,0.0,1.0,0.0
nm235b7b12_0,spicebush,0.0,0.0,0.0,1.0,0.0,0.0
nm85885b06_0,tiger,0.0,0.0,0.0,0.0,1.0,0.0
nmd2829b7a_0,black,1.0,0.0,0.0,0.0,0.0,0.0
nme8e97788_0,viceroy,0.0,0.0,0.0,0.0,0.0,1.0
nn58d8f179_0,monarch,0.0,1.0,0.0,0.0,0.0,0.0
no12490b14_0,black,1.0,0.0,0.0,0.0,0.0,0.0
np51a6af8f_0,viceroy,0.0,0.0,0.0,0.0,0.0,1.0
np880574b5_0,pipevine,0.0,0.0,1.0,0.0,0.0,0.0
nr5a696df2_0,viceroy,0.0,0.0,0.0,0.0,0.0,1.0
nr8fa6cf05_0,viceroy,0.0,0.0,0.0,0.0,0.0,1.0
nrca46f108_0,spicebush,0.0,0.0,0.0,1.0,0.0,0.0
ns2e5945fa_0,pipevine,0.0,0.0,1.0,0.0,0.0,0.0
nsc13c6286_0,viceroy,0.0,0.0,0.0,0.0,0.0,1.0
nt2b084e54_0,spicebush,0.0,0.0,0.0,1.0,0.0,0.0
nu079d86bf_0,pipevine,0.0,0.0,1.0,0.0,0.0,0.0
nu32d763e2_0,black,1.0,0.0,0.0,0.0,0.0,0.0
nudaa642b8_0,tiger,0.0,0.0,0.0,0.0,1.0,0.0
nw698f9681_0,black,1.0,0.0,0.0,0.0,0.0,0.0
nz42d6e381_0,black,1.0,0.0,0.0,0.0,0.0,0.0
nz51d034f0_0,pipevine,0.0,0.0,1.0,0.0,0.0,0.0
og2b1acbdd_0,tiger,0.0,0.0,0.0,0.0,1.0,0.0
og8e66517e_0,pipevine,0.0,0.0,1.0,0.0,0.0,0.0
ogb7450c10_0,spicebush,0.0,0.0,0.0,1.0,0.0,0.0
oh89184905_0,viceroy,0.0,0.0,0.0,0.0,0.0,1.0
ohb708f3fb_0,viceroy,0.0,0.0,0.0,0.0,0.0,1.0
ohe78e14f6_0,pipevine,0.0,0.0,1.0,0.0,0.0,0.0
ohfd3f81d1_0,viceroy,0.0,0.0,0.0,0.0,0.0,1.0
oida206b91_0,black,1.0,0.0,0.0,0.0,0.0,0.0
oif3f81a9d_0,black,1.0,0.0,0.0,0.0,0.0,0.0
ojab01d159_0,spicebush,0.0,0.0,0.0,1.0,0.0,0.0
ojdd0c8c4c_0,pipevine,0.0,0.0,1.0,0.0,0.0,0.0
ol4b5a07fe_0,spicebush,0.0,0.0,0.0,1.0,0.0,0.0
ol52626278_0,black,1.0,0.0,0.0,0.0,0.0,0.0
om50b7a977_0,spicebush,0.0,0.0,0.0,1.0,0.0,0.0
on1ac9ad18_0,pipevine,0.0,0.0,1.0,0.0,0.0,0.0
on251e43d1_0,black,1.0,0.0,0.0,0.0,0.0,0.0
on267d2507_0,pipevine,0.0,0.0,1.0,0.0,0.0,0.0
on66ef7b5d_0,monarch,0.0,1.0,0.0,0.0,0.0,0.0
oof48a26c9_0,monarch,0.0,1.0,0.0,0.0,0.0,0.0
oq1a521bc3_0,pipevine,0.0,0.0,1.0,0.0,0.0,0.0
oqd9414802_0,black,1.0,0.0,0.0,0.0,0.0,0.0
or5e7751df_0,tiger,0.0,0.0,0.0,0.0,1.0,0.0
ore0d85340_0,black,1.0,0.0,0.0,0.0,0.0,0.0
osd3692120_0,viceroy,0.0,0.0,0.0,0.0,0.0,1.0
ot818857de_0,viceroy,0.0,0.0,0.0,0.0,0.0,1.0
otc7d0e42a_0,monarch,0.0,1.0,0.0,0.0,0.0,0.0
ovc87f3811_0,monarch,0.0,1.0,0.0,0.0,0.0,0.0
ovfe6f8387_0,tiger,0.0,0.0,0.0,0.0,1.0,0.0
ow5b2ffb54_0,black,1.0,0.0,0.0,0.0,0.0,0.0
owdbb44827_0,viceroy,0.0,0.0,0.0,0.0,0.0,1.0
ox9abe5d97_0,monarch,0.0,1.0,0.0,0.0,0.0,0.0
oy65ec97cc_0,monarch,0.0,1.0,0.0,0.0,0.0,0.0
oye5a126e4_0,black,1.0,0.0,0.0,0.0,0.0,0.0
oza6c8526e_0,spicebush,0.0,0.0,0.0,1.0,0.0,0.0
ozd2f7929a_0,spicebush,0.0,0.0,0.0,1.0,0.0,0.0
pdea1ad95b_0,viceroy,0.0,0.0,0.0,0.0,0.0,1.0
pg37cabd00_0,pipevine,0.0,0.0,1.0,0.0,0.0,0.0
pge2498816_0,tiger,0.0,0.0,0.0,0.0,1.0,0.0
pge50fa986_0,tiger,0.0,0.0,0.0,0.0,1.0,0.0
pgecb5ee99_0,tiger,0.0,0.0,0.0,0.0,1.0,0.0
phd9100a9d_0,tiger,0.0,0.0,0.0,0.0,1.0,0.0
pi252e06b0_0,spicebush,0.0,0.0,0.0,1.0,0.0,0.0
pi2b8a9cfb_0,black,1.0,0.0,0.0,0.0,0.0,0.0
piaba41eb3_0,black,1.0,0.0,0.0,0.0,0.0,0.0
pjac7c3f17_0,pipevine,0.0,0.0,1.0,0.0,0.0,0.0
pjdec544a6_0,monarch,0.0,1.0,0.0,0.0,0.0,0.0
pk17809ee9_0,pipevine,0.0,0.0,1.0,0.0,0.0,0.0
pk40277a7b_0,spicebush,0.0,0.0,0.0,1.0,0.0,0.0
pl6544d00f_0,tiger,0.0,0.0,0.0,0.0,1.0,0.0
pl67c22930_0,pipevine,0.0,0.0,1.0,0.0,0.0,0.0
pl7782a28b_0,pipevine,0.0,0.0,1.0,0.0,0.0,0.0
pl7d0d7f98_0,black,1.0,0.0,0.0,0.0,0.0,0.0
pm10cd239d_0,black,1.0,0.0,0.0,0.0,0.0,0.0
pm2a32fb33_0,black,1.0,0.0,0.0,0.0,0.0,0.0
pm54c7c29d_0,viceroy,0.0,0.0,0.0,0.0,0.0,1.0
pm7fedb02a_0,black,1.0,0.0,0.0,0.0,0.0,0.0
pm97b4089b_0,pipevine,0.0,0.0,1.0,0.0,0.0,0.0
pn585c9e6e_0,spicebush,0.0,0.0,0.0,1.0,0.0,0.0
pna5981196_0,monarch,0.0,1.0,0.0,0.0,0.0,0.0
po17d3c93a_0,black,1.0,0.0,0.0,0.0,0.0,0.0
po3f5715d3_0,viceroy,0.0,0.0,0.0,0.0,0.0,1.0
pp25e9fca3_0,tiger,0.0,0.0,0.0,0.0,1.0,0.0
pq4be08fb7_0,black,1.0,0.0,0.0,0.0,0.0,0.0
pqab5210a1_0,pipevine,0.0,0.0,1.0,0.0,0.0,0.0
pqbbfe7bb7_0,spicebush,0.0,0.0,0.0,1.0,0.0,0.0
pqbf7a5c93_0,monarch,0.0,1.0,0.0,0.0,0.0,0.0
pqe409aebb_0,pipevine,0.0,0.0,1.0,0.0,0.0,0.0
psc15a5408_0,spicebush,0.0,0.0,0.0,1.0,0.0,0.0
pse09a6473_0,tiger,0.0,0.0,0.0,0.0,1.0,0.0
psee2231a8_0,spicebush,0.0,0.0,0.0,1.0,0.0,0.0
pta8625844_0,pipevine,0.0,0.0,1.0,0.0,0.0,0.0
pu1ef1f098_0,viceroy,0.0,0.0,0.0,0.0,0.0,1.0
pu94e04f89_0,monarch,0.0,1.0,0.0,0.0,0.0,0.0
puae0f9a50_0,black,1.0,0.0,0.0,0.0,0.0,0.0
puafe11849_0,black,1.0,0.0,0.0,0.0,0.0,0.0
pv18df7083_0,tiger,0.0,0.0,0.0,0.0,1.0,0.0
pve6ab29aa_0,pipevine,0.0,0.0,1.0,0.0,0.0,0.0
pwb4b2b435_0,pipevine,0.0,0.0,1.0,0.0,0.0,0.0
pxd2a35676_0,pipevine,0.0,0.0,1.0,0.0,0.0,0.0
pxe54c46e2_0,monarch,0.0,1.0,0.0,0.0,0.0,0.0
pxebaa72f9_0,black,1.0,0.0,0.0,0.0,0.0,0.0
py2a232d3d_0,spicebush,0.0,0.0,0.0,1.0,0.0,0.0
py41083d32_0,viceroy,0.0,0.0,0.0,0.0,0.0,1.0
pz07f7112a_0,pipevine,0.0,0.0,1.0,0.0,0.0,0.0
pz2ecd1353_0,black,1.0,0.0,0.0,0.0,0.0,0.0
pz4e3431e4_0,black,1.0,0.0,0.0,0.0,0.0,0.0
pz5d23df49_0,black,1.0,0.0,0.0,0.0,0.0,0.0
qga73402d0_0,tiger,0.0,0.0,0.0,0.0,1.0,0.0
qhf691b49d_0,viceroy,0.0,0.0,0.0,0.0,0.0,1.0
qi29c201af_0,viceroy,0.0,0.0,0.0,0.0,0.0,1.0
qi80b977e4_0,pipevine,0.0,0.0,1.0,0.0,0.0,0.0
qifd3078ba_0,viceroy,0.0,0.0,0.0,0.0,0.0,1.0
qj8980643b_0,tiger,0.0,0.0,0.0,0.0,1.0,0.0
qm745f0d15_0,spicebush,0.0,0.0,0.0,1.0,0.0,0.0
qmd2673761_0,tiger,0.0,0.0,0.0,0.0,1.0,0.0
qn8565e8c6_0,viceroy,0.0,0.0,0.0,0.0,0.0,1.0
qnaf0d2562_0,black,1.0,0.0,0.0,0.0,0.0,0.0
qndaa758d9_0,pipevine,0.0,0.0,1.0,0.0,0.0,0.0
qo042f60e3_0,spicebush,0.0,0.0,0.0,1.0,0.0,0.0
qo4da6df7c_0,tiger,0.0,0.0,0.0,0.0,1.0,0.0
qo9404ea05_0,tiger,0.0,0.0,0.0,0.0,1.0,0.0
qob345bb57_0,monarch,0.0,1.0,0.0,0.0,0.0,0.0
qpc59c459e_0,spicebush,0.0,0.0,0.0,1.0,0.0,0.0
qpcb12f4ed_0,viceroy,0.0,0.0,0.0,0.0,0.0,1.0
qpf164d6b2_0,monarch,0.0,1.0,0.0,0.0,0.0,0.0
qq63e8f0e1_0,viceroy,0.0,0.0,0.0,0.0,0.0,1.0
qq8c3db463_0,tiger,0.0,0.0,0.0,0.0,1.0,0.0
qr41eedb7a_0,monarch,0.0,1.0,0.0,0.0,0.0,0.0
qr829865fc_0,pipevine,0.0,0.0,1.0,0.0,0.0,0.0
qr8ba92eb3_0,black,1.0,0.0,0.0,0.0,0.0,0.0
qr99d23c9e_0,pipevine,0.0,0.0,1.0,0.0,0.0,0.0
qrf3450667_0,pipevine,0.0,0.0,1.0,0.0,0.0,0.0
qu3890ac6c_0,monarch,0.0,1.0,0.0,0.0,0.0,0.0
qu527834e5_0,spicebush,0.0,0.0,0.0,1.0,0.0,0.0
qu5d687444_0,tiger,0.0,0.0,0.0,0.0,1.0,0.0
qub7b3bb1b_0,spicebush,0.0,0.0,0.0,1.0,0.0,0.0
qv54726ea9_0,tiger,0.0,0.0,0.0,0.0,1.0,0.0
qv957c344d_0,monarch,0.0,1.0,0.0,0.0,0.0,0.0
qvb0bafe66_0,tiger,0.0,0.0,0.0,0.0,1.0,0.0
qw24bb5a11_0,tiger,0.0,0.0,0.0,0.0,1.0,0.0
qw7799c8ca_0,viceroy,0.0,0.0,0.0,0.0,0.0,1.0
qx24437cbc_0,pipevine,0.0,0.0,1.0,0.0,0.0,0.0
qy198a0934_0,tiger,0.0,0.0,0.0,0.0,1.0,0.0
qy47a5373c_0,spicebush,0.0,0.0,0.0,1.0,0.0,0.0
qy7974eaf8_0,black,1.0,0.0,0.0,0.0,0.0,0.0
rg38ca196d_0,spicebush,0.0,0.0,0.0,1.0,0.0,0.0
rhc5dc63f3_0,black,1.0,0.0,0.0,0.0,0.0,0.0
ri251ee41c_0,pipevine,0.0,0.0,1.0,0.0,0.0,0.0
rica670997_0,pipevine,0.0,0.0,1.0,0.0,0.0,0.0
rj373eab04_0,black,1.0,0.0,0.0,0.0,0.0,0.0
rl385c771a_0,viceroy,0.0,0.0,0.0,0.0,0.0,1.0
rl74969339_0,pipevine,0.0,0.0,1.0,0.0,0.0,0.0
rl97780b56_0,pipevine,0.0,0.0,1.0,0.0,0.0,0.0
rlf00b27c8_0,pipevine,0.0,0.0,1.0,0.0,0.0,0.0
rm282638db_0,black,1.0,0.0,0.0,0.0,0.0,0.0
rn193237e5_0,tiger,0.0,0.0,0.0,0.0,1.0,0.0
rn40b919e8_0,pipevine,0.0,0.0,1.0,0.0,0.0,0.0
rna006f0b4_0,pipevine,0.0,0.0,1.0,0.0,0.0,0.0
ro556c719d_0,spicebush,0.0,0.0,0.0,1.0,0.0,0.0
ro90982d47_0,spicebush,0.0,0.0,0.0,1.0,0.0,0.0
robff91861_0,monarch,0.0,1.0,0.0,0.0,0.0,0.0
rp1e3bf660_0,black,1.0,0.0,0.0,0.0,0.0,0.0
rp872a5478_0,pipevine,0.0,0.0,1.0,0.0,0.0,0.0
rpe513d749_0,spicebush,0.0,0.0,0.0,1.0,0.0,0.0
rq56ba8b85_0,viceroy,0.0,0.0,0.0,0.0,0.0,1.0
rq5bb81e70_0,tiger,0.0,0.0,0.0,0.0,1.0,0.0
rre8004e35_0,pipevine,0.0,0.0,1.0,0.0,0.0,0.0
rs61a6662b_0,tiger,0.0,0.0,0.0,0.0,1.0,0.0
rs645c744d_0,spicebush,0.0,0.0,0.0,1.0,0.0,0.0
rsd00137eb_0,tiger,0.0,0.0,0.0,0.0,1.0,0.0
rt1318cd12_0,black,1.0,0.0,0.0,0.0,0.0,0.0
rt4e4536fb_0,viceroy,0.0,0.0,0.0,0.0,0.0,1.0
rte165f9e2_0,pipevine,0.0,0.0,1.0,0.0,0.0,0.0
rtf77757d6_0,pipevine,0.0,0.0,1.0,0.0,0.0,0.0
ruca17bee1_0,spicebush,0.0,0.0,0.0,1.0,0.0,0.0
rv44cde423_0,pipevine,0.0,0.0,1.0,0.0,0.0,0.0
rvfa3418a4_0,tiger,0.0,0.0,0.0,0.0,1.0,0.0
rw186b8694_0,monarch,0.0,1.0,0.0,0.0,0.0,0.0
rw4f501816_0,black,1.0,0.0,0.0,0.0,0.0,0.0
rz3d8e0e37_0,pipevine,0.0,0.0,1.0,0.0,0.0,0.0
rz9bdc3573_0,monarch,0.0,1.0,0.0,0.0,0.0,0.0
sgc0412f23_0,monarch,0.0,1.0,0.0,0.0,0.0,0.0
sha4808145_0,tiger,0.0,0.0,0.0,0.0,1.0,0.0
si6b703794_0,viceroy,0.0,0.0,0.0,0.0,0.0,1.0
si6ccf44be_0,pipevine,0.0,0.0,1.0,0.0,0.0,0.0
siafbfb172_0,tiger,0.0,0.0,0.0,0.0,1.0,0.0
sj29715a61_0,black,1.0,0.0,0.0,0.0,0.0,0.0
sj4d55943f_0,pipevine,0.0,0.0,1.0,0.0,0.0,0.0
sl371fb01c_0,pipevine,0.0,0.0,1.0,0.0,0.0,0.0
sm2a4ab05e_0,viceroy,0.0,0.0,0.0,0.0,0.0,1.0
sm725bb682_0,tiger,0.0,0.0,0.0,0.0,1.0,0.0
sm9a1b225e_0,pipevine,0.0,0.0,1.0,0.0,0.0,0.0
smd34d1089_0,monarch,0.0,1.0,0.0,0.0,0.0,0.0
sn4e3ade09_0,black,1.0,0.0,0.0,0.0,0.0,0.0
snfef6f852_0,monarch,0.0,1.0,0.0,0.0,0.0,0.0
so2355d0bd_0,viceroy,0.0,0.0,0.0,0.0,0.0,1.0
so3cfd4e4f_0,monarch,0.0,1.0,0.0,0.0,0.0,0.0
soaab2d522_0,viceroy,0.0,0.0,0.0,0.0,0.0,1.0
sob17ca658_0,tiger,0.0,0.0,0.0,0.0,1.0,0.0
sqba6c1d10_0,viceroy,0.0,0.0,0.0,0.0,0.0,1.0
sqcc6b0150_0,viceroy,0.0,0.0,0.0,0.0,0.0,1.0
sr2f29b206_0,black,1.0,0.0,0.0,0.0,0.0,0.0
sree492f5a_0,black,1.0,0.0,0.0,0.0,0.0,0.0
ss79e1af84_0,black,1.0,0.0,0.0,0.0,0.0,0.0
sub839d229_0,monarch,0.0,1.0,0.0,0.0,0.0,0.0
sub8d2f5fd_0,black,1.0,0.0,0.0,0.0,0.0,0.0
svb27eaeae_0,black,1.0,0.0,0.0,0.0,0.0,0.0
sw577f72d7_0,pipevine,0.0,0.0,1.0,0.0,0.0,0.0
sw6b11418f_0,tiger,0.0,0.0,0.0,0.0,1.0,0.0
sx1e04f4f8_0,tiger,0.0,0.0,0.0,0.0,1.0,0.0
sy75d0dcc6_0,black,1.0,0.0,0.0,0.0,0.0,0.0
sz5bf0ff88_0,monarch,0.0,1.0,0.0,0.0,0.0,0.0
tgb53b0768_0,tiger,0.0,0.0,0.0,0.0,1.0,0.0
tgf81f766e_0,viceroy,0.0,0.0,0.0,0.0,0.0,1.0
tia93d1e90_0,viceroy,0.0,0.0,0.0,0.0,0.0,1.0
ticea1159f_0,tiger,0.0,0.0,0.0,0.0,1.0,0.0
tl02d823b1_0,black,1.0,0.0,0.0,0.0,0.0,0.0
tl52289443_0,tiger,0.0,0.0,0.0,0.0,1.0,0.0
tl53d1ab0c_0,viceroy,0.0,0.0,0.0,0.0,0.0,1.0
tl76557bf7_0,spicebush,0.0,0.0,0.0,1.0,0.0,0.0
tlb698a674_0,tiger,0.0,0.0,0.0,0.0,1.0,0.0
tm09d72913_0,spicebush,0.0,0.0,0.0,1.0,0.0,0.0
tma0100704_0,tiger,0.0,0.0,0.0,0.0,1.0,0.0
tn9e810bbd_0,pipevine,0.0,0.0,1.0,0.0,0.0,0.0
tnb665b25a_0,spicebush,0.0,0.0,0.0,1.0,0.0,0.0
tp86b45bf0_0,viceroy,0.0,0.0,0.0,0.0,0.0,1.0
tp8ae01aab_0,black,1.0,0.0,0.0,0.0,0.0,0.0
trbf7a3b90_0,pipevine,0.0,0.0,1.0,0.0,0.0,0.0
ts83be2233_0,spicebush,0.0,0.0,0.0,1.0,0.0,0.0
tt1e0ef879_0,monarch,0.0,1.0,0.0,0.0,0.0,0.0
tt763d90a6_0,tiger,0.0,0.0,0.0,0.0,1.0,0.0
ttca87e696_0,black,1.0,0.0,0.0,0.0,0.0,0.0
tv068aba1b_0,tiger,0.0,0.0,0.0,0.0,1.0,0.0
tveec84d84_0,monarch,0.0,1.0,0.0,0.0,0.0,0.0
tw83dc1852_0,black,1.0,0.0,0.0,0.0,0.0,0.0
twa367c25b_0,tiger,0.0,0.0,0.0,0.0,1.0,0.0
tx0cdd0bfd_0,monarch,0.0,1.0,0.0,0.0,0.0,0.0
tx38cb69dd_0,black,1.0,0.0,0.0,0.0,0.0,0.0
tx3fbb2d46_0,pipevine,0.0,0.0,1.0,0.0,0.0,0.0
txab139136_0,black,1.0,0.0,0.0,0.0,0.0,0.0
txea4604bd_0,viceroy,0.0,0.0,0.0,0.0,0.0,1.0
ty3d2ece7c_0,pipevine,0.0,0.0,1.0,0.0,0.0,0.0
tye204e696_0,viceroy,0.0,0.0,0.0,0.0,0.0,1.0
ug0671f7ef_0,pipevine,0.0,0.0,1.0,0.0,0.0,0.0
ugb9a6bf34_0,tiger,0.0,0.0,0.0,0.0,1.0,0.0
uh8bfc48ec_0,viceroy,0.0,0.0,0.0,0.0,0.0,1.0
uh929c2701_0,black,1.0,0.0,0.0,0.0,0.0,0.0
uh9977a487_0,monarch,0.0,1.0,0.0,0.0,0.0,0.0
ui035f5d63_0,pipevine,0.0,0.0,1.0,0.0,0.0,0.0
uid1bdd329_0,viceroy,0.0,0.0,0.0,0.0,0.0,1.0
uj4feaebff_0,pipevine,0.0,0.0,1.0,0.0,0.0,0.0
uk895b879e_0,viceroy,0.0,0.0,0.0,0.0,0.0,1.0
uk8d7bd5e2_0,viceroy,0.0,0.0,0.0,0.0,0.0,1.0
ul21d016de_0,black,1.0,0.0,0.0,0.0,0.0,0.0
ula4ef4bbe_0,tiger,0.0,0.0,0.0,0.0,1.0,0.0
ula5544733_0,spicebush,0.0,0.0,0.0,1.0,0.0,0.0
um2287e3e5_0,monarch,0.0,1.0,0.0,0.0,0.0,0.0
uneac6eb59_0,black,1.0,0.0,0.0,0.0,0.0,0.0
unfa87ed41_0,spicebush,0.0,0.0,0.0,1.0,0.0,0.0
uo78321e28_0,spicebush,0.0,0.0,0.0,1.0,0.0,0.0
uod3c38403_0,monarch,0.0,1.0,0.0,0.0,0.0,0.0
up192ca8d2_0,tiger,0.0,0.0,0.0,0.0,1.0,0.0
up2cf0026f_0,monarch,0.0,1.0,0.0,0.0,0.0,0.0
up362baa6e_0,tiger,0.0,0.0,0.0,0.0,1.0,0.0
up44a6da3d_0,monarch,0.0,1.0,0.0,0.0,0.0,0.0
uqdf921104_0,viceroy,0.0,0.0,0.0,0.0,0.0,1.0
ur0da068fd_0,viceroy,0.0,0.0,0.0,0.0,0.0,1.0
us295da226_0,pipevine,0.0,0.0,1.0,0.0,0.0,0.0
ut07563eaf_0,spicebush,0.0,0.0,0.0,1.0,0.0,0.0
ut9818f23e_0,black,1.0,0.0,0.0,0.0,0.0,0.0
uu1edd873e_0,monarch,0.0,1.0,0.0,0.0,0.0,0.0
uu2bbb2b27_0,tiger,0.0,0.0,0.0,0.0,1.0,0.0
uuf67620b2_0,tiger,0.0,0.0,0.0,0.0,1.0,0.0
uv90ee3ed6_0,spicebush,0.0,0.0,0.0,1.0,0.0,0.0
uv9b4b0127_0,tiger,0.0,0.0,0.0,0.0,1.0,0.0
uve53b0929_0,pipevine,0.0,0.0,1.0,0.0,0.0,0.0
uved8e159f_0,pipevine,0.0,0.0,1.0,0.0,0.0,0.0
uw3c5ff459_0,tiger,0.0,0.0,0.0,0.0,1.0,0.0
uwa88040d4_0,spicebush,0.0,0.0,0.0,1.0,0.0,0.0
ux9c6bb756_0,tiger,0.0,0.0,0.0,0.0,1.0,0.0
uxda831f95_0,pipevine,0.0,0.0,1.0,0.0,0.0,0.0
uxe3d08a46_0,pipevine,0.0,0.0,1.0,0.0,0.0,0.0
uy631e9681_0,viceroy,0.0,0.0,0.0,0.0,0.0,1.0
uyae957499_0,pipevine,0.0,0.0,1.0,0.0,0.0,0.0
uyc3225f0a_0,black,1.0,0.0,0.0,0.0,0.0,0.0
uz4b7e7a2d_0,viceroy,0.0,0.0,0.0,0.0,0.0,1.0
uz8a7d37e4_0,black,1.0,0.0,0.0,0.0,0.0,0.0
vc88abddcc_0,viceroy,0.0,0.0,0.0,0.0,0.0,1.0
vh8f0ea302_0,monarch,0.0,1.0,0.0,0.0,0.0,0.0
vi5c60b80f_0,spicebush,0.0,0.0,0.0,1.0,0.0,0.0
vi6027b816_0,tiger,0.0,0.0,0.0,0.0,1.0,0.0
vi699ab86b_0,viceroy,0.0,0.0,0.0,0.0,0.0,1.0
vi9ec9964a_0,viceroy,0.0,0.0,0.0,0.0,0.0,1.0
vicfbfbdc8_0,spicebush,0.0,0.0,0.0,1.0,0.0,0.0
vj34ac8eb8_0,spicebush,0.0,0.0,0.0,1.0,0.0,0.0
vj4915264c_0,viceroy,0.0,0.0,0.0,0.0,0.0,1.0
vj6eb46e34_0,spicebush,0.0,0.0,0.0,1.0,0.0,0.0
vje189be11_0,viceroy,0.0,0.0,0.0,0.0,0.0,1.0
vlb14195e5_0,spicebush,0.0,0.0,0.0,1.0,0.0,0.0
vm1fab9561_0,pipevine,0.0,0.0,1.0,0.0,0.0,0.0
vn6f4eb2fc_0,monarch,0.0,1.0,0.0,0.0,0.0,0.0
vofcb49d34_0,spicebush,0.0,0.0,0.0,1.0,0.0,0.0
vofe46ebbc_0,viceroy,0.0,0.0,0.0,0.0,0.0,1.0
vp7d4ac246_0,viceroy,0.0,0.0,0.0,0.0,0.0,1.0
vpb1eb7e3b_0,pipevine,0.0,0.0,1.0,0.0,0.0,0.0
vpc33de826_0,black,1.0,0.0,0.0,0.0,0.0,0.0
vqe2c830e8_0,spicebush,0.0,0.0,0.0,1.0,0.0,0.0
vr60c5c69d_0,tiger,0.0,0.0,0.0,0.0,1.0,0.0
vs194e619d_0,pipevine,0.0,0.0,1.0,0.0,0.0,0.0
vsf65058ee_0,tiger,0.0,0.0,0.0,0.0,1.0,0.0
vt4a903f5a_0,pipevine,0.0,0.0,1.0,0.0,0.0,0.0
vt8dedc8a5_0,pipevine,0.0,0.0,1.0,0.0,0.0,0.0
vu001a5902_0,tiger,0.0,0.0,0.0,0.0,1.0,0.0
vu365ec1b4_0,tiger,0.0,0.0,0.0,0.0,1.0,0.0
vu8c38a37c_0,tiger,0.0,0.0,0.0,0.0,1.0,0.0
vvd745d8d6_0,spicebush,0.0,0.0,0.0,1.0,0.0,0.0
vw6f42b768_0,monarch,0.0,1.0,0.0,0.0,0.0,0.0
vx1262e49e_0,monarch,0.0,1.0,0.0,0.0,0.0,0.0
vx295f8353_0,pipevine,0.0,0.0,1.0,0.0,0.0,0.0
vx6ce8ce8f_0,tiger,0.0,0.0,0.0,0.0,1.0,0.0
vx9074f397_0,viceroy,0.0,0.0,0.0,0.0,0.0,1.0
vxcabe02e0_0,tiger,0.0,0.0,0.0,0.0,1.0,0.0
vy06728984_0,tiger,0.0,0.0,0.0,0.0,1.0,0.0
vy3f1a9aab_0,monarch,0.0,1.0,0.0,0.0,0.0,0.0
vz2b9a5126_0,spicebush,0.0,0.0,0.0,1.0,0.0,0.0
vz8bd4bbdf_0,viceroy,0.0,0.0,0.0,0.0,0.0,1.0
wg63225098_0,spicebush,0.0,0.0,0.0,1.0,0.0,0.0
wi4800dd1a_0,viceroy,0.0,0.0,0.0,0.0,0.0,1.0
wj25d6d0c1_0,tiger,0.0,0.0,0.0,0.0,1.0,0.0
wk7077827f_0,tiger,0.0,0.0,0.0,0.0,1.0,0.0
wkf7b2e50b_0,black,1.0,0.0,0.0,0.0,0.0,0.0
wkfc1422d3_0,monarch,0.0,1.0,0.0,0.0,0.0,0.0
wl7248db60_0,pipevine,0.0,0.0,1.0,0.0,0.0,0.0
wlcfe6def4_0,viceroy,0.0,0.0,0.0,0.0,0.0,1.0
wm450e941d_0,tiger,0.0,0.0,0.0,0.0,1.0,0.0
wm742bc9f5_0,pipevine,0.0,0.0,1.0,0.0,0.0,0.0
wme34443d3_0,monarch,0.0,1.0,0.0,0.0,0.0,0.0
wn5e3e06ad_0,viceroy,0.0,0.0,0.0,0.0,0.0,1.0
wna5a891ba_0,monarch,0.0,1.0,0.0,0.0,0.0,0.0
wo3d4eac6d_0,monarch,0.0,1.0,0.0,0.0,0.0,0.0
wo5bd10a50_0,black,1.0,0.0,0.0,0.0,0.0,0.0
wo8dffd5d4_0,tiger,0.0,0.0,0.0,0.0,1.0,0.0
woe350a201_0,monarch,0.0,1.0,0.0,0.0,0.0,0.0
wpbd707a11_0,pipevine,0.0,0.0,1.0,0.0,0.0,0.0
wq12e5f495_0,pipevine,0.0,0.0,1.0,0.0,0.0,0.0
wr138bb870_0,monarch,0.0,1.0,0.0,0.0,0.0,0.0
wr50c6092a_0,tiger,0.0,0.0,0.0,0.0,1.0,0.0
ws0a14dbf3_0,pipevine,0.0,0.0,1.0,0.0,0.0,0.0
ws16a3425c_0,spicebush,0.0,0.0,0.0,1.0,0.0,0.0
wt124973d8_0,pipevine,0.0,0.0,1.0,0.0,0.0,0.0
wt3105e45b_0,tiger,0.0,0.0,0.0,0.0,1.0,0.0
wt9ed58fa7_0,tiger,0.0,0.0,0.0,0.0,1.0,0.0
wtba27e399_0,black,1.0,0.0,0.0,0.0,0.0,0.0
wu463a69a0_0,monarch,0.0,1.0,0.0,0.0,0.0,0.0
wva4890b7f_0,viceroy,0.0,0.0,0.0,0.0,0.0,1.0
ww07667c34_0,pipevine,0.0,0.0,1.0,0.0,0.0,0.0
wx20f22289_0,monarch,0.0,1.0,0.0,0.0,0.0,0.0
wy45dbbfdc_0,spicebush,0.0,0.0,0.0,1.0,0.0,0.0
wz076b8799_0,pipevine,0.0,0.0,1.0,0.0,0.0,0.0
wz5b56fc28_0,black,1.0,0.0,0.0,0.0,0.0,0.0
wz6a937f0a_0,viceroy,0.0,0.0,0.0,0.0,0.0,1.0
wzd794a000_0,viceroy,0.0,0.0,0.0,0.0,0.0,1.0
xg8de77723_0,spicebush,0.0,0.0,0.0,1.0,0.0,0.0
xgbe7e74d3_0,pipevine,0.0,0.0,1.0,0.0,0.0,0.0
xi5f7ad9af_0,monarch,0.0,1.0,0.0,0.0,0.0,0.0
xi90aaf43f_0,monarch,0.0,1.0,0.0,0.0,0.0,0.0
xic9d06d28_0,black,1.0,0.0,0.0,0.0,0.0,0.0
xicb116043_0,pipevine,0.0,0.0,1.0,0.0,0.0,0.0
xje9c102c5_0,viceroy,0.0,0.0,0.0,0.0,0.0,1.0
xkd0a2b056_0,monarch,0.0,1.0,0.0,0.0,0.0,0.0
xl28e78996_0,tiger,0.0,0.0,0.0,0.0,1.0,0.0
xm01beba1c_0,pipevine,0.0,0.0,1.0,0.0,0.0,0.0
xm22acc4ae_0,monarch,0.0,1.0,0.0,0.0,0.0,0.0
xm503def38_0,monarch,0.0,1.0,0.0,0.0,0.0,0.0
xm83fae974_0,tiger,0.0,0.0,0.0,0.0,1.0,0.0
xma7ab8082_0,pipevine,0.0,0.0,1.0,0.0,0.0,0.0
xn7db9ece0_0,tiger,0.0,0.0,0.0,0.0,1.0,0.0
xne41f7cdc_0,viceroy,0.0,0.0,0.0,0.0,0.0,1.0
xnedf04451_0,pipevine,0.0,0.0,1.0,0.0,0.0,0.0
xo31df7b8e_0,black,1.0,0.0,0.0,0.0,0.0,0.0
xo5b98fda2_0,pipevine,0.0,0.0,1.0,0.0,0.0,0.0
xofcf52592_0,spicebush,0.0,0.0,0.0,1.0,0.0,0.0
xp4500dae7_0,spicebush,0.0,0.0,0.0,1.0,0.0,0.0
xp87d633b4_0,pipevine,0.0,0.0,1.0,0.0,0.0,0.0
xq5629285d_0,pipevine,0.0,0.0,1.0,0.0,0.0,0.0
xq9b2428b8_0,pipevine,0.0,0.0,1.0,0.0,0.0,0.0
xq9f2f6182_0,tiger,0.0,0.0,0.0,0.0,1.0,0.0
xqfc1a3500_0,monarch,0.0,1.0,0.0,0.0,0.0,0.0
xra566e9c9_0,spicebush,0.0,0.0,0.0,1.0,0.0,0.0
xre4ed2fb4_0,spicebush,0.0,0.0,0.0,1.0,0.0,0.0
xrf92955f8_0,viceroy,0.0,0.0,0.0,0.0,0.0,1.0
xsa5dba7ce_0,tiger,0.0,0.0,0.0,0.0,1.0,0.0
xu4129c9ab_0,spicebush,0.0,0.0,0.0,1.0,0.0,0.0
xv78965dc6_0,monarch,0.0,1.0,0.0,0.0,0.0,0.0
xw24ca2cb4_0,tiger,0.0,0.0,0.0,0.0,1.0,0.0
xw5aec73be_0,black,1.0,0.0,0.0,0.0,0.0,0.0
xw6cf81672_0,pipevine,0.0,0.0,1.0,0.0,0.0,0.0
xwd675fa7a_0,pipevine,0.0,0.0,1.0,0.0,0.0,0.0
xx877f5a83_0,black,1.0,0.0,0.0,0.0,0.0,0.0
xx923ed04a_0,viceroy,0.0,0.0,0.0,0.0,0.0,1.0
xy456c200d_0,pipevine,0.0,0.0,1.0,0.0,0.0,0.0
xz8889bc18_0,tiger,0.0,0.0,0.0,0.0,1.0,0.0
yh10792373_0,spicebush,0.0,0.0,0.0,1.0,0.0,0.0
yi83507dd7_0,black,1.0,0.0,0.0,0.0,0.0,0.0
yj21701a97_0,pipevine,0.0,0.0,1.0,0.0,0.0,0.0
yj2d02854f_0,monarch,0.0,1.0,0.0,0.0,0.0,0.0
yjd2720bbb_0,black,1.0,0.0,0.0,0.0,0.0,0.0
yk92ac97c1_0,spicebush,0.0,0.0,0.0,1.0,0.0,0.0
ykaf357ac4_0,pipevine,0.0,0.0,1.0,0.0,0.0,0.0
ykdfee2454_0,tiger,0.0,0.0,0.0,0.0,1.0,0.0
yl2557a5d4_0,pipevine,0.0,0.0,1.0,0.0,0.0,0.0
ym86258335_0,tiger,0.0,0.0,0.0,0.0,1.0,0.0
yma2b7c575_0,pipevine,0.0,0.0,1.0,0.0,0.0,0.0
ymae14abf2_0,black,1.0,0.0,0.0,0.0,0.0,0.0
yme414bd4d_0,spicebush,0.0,0.0,0.0,1.0,0.0,0.0
yn424bd3ce_0,viceroy,0.0,0.0,0.0,0.0,0.0,1.0
yn56d509f0_0,black,1.0,0.0,0.0,0.0,0.0,0.0
yncf7aa7ac_0,monarch,0.0,1.0,0.0,0.0,0.0,0.0
yndbf9e44f_0,tiger,0.0,0.0,0.0,0.0,1.0,0.0
yo27cef4a3_0,tiger,0.0,0.0,0.0,0.0,1.0,0.0
yoaf8d6a2d_0,spicebush,0.0,0.0,0.0,1.0,0.0,0.0
yp6c5c7f87_0,black,1.0,0.0,0.0,0.0,0.0,0.0
yp939b5fc5_0,black,1.0,0.0,0.0,0.0,0.0,0.0
ypa7eaba30_0,pipevine,0.0,0.0,1.0,0.0,0.0,0.0
yq5a4e8ffd_0,viceroy,0.0,0.0,0.0,0.0,0.0,1.0
yqb7712299_0,monarch,0.0,1.0,0.0,0.0,0.0,0.0
yqe55bf215_0,black,1.0,0.0,0.0,0.0,0.0,0.0
yqfe376c41_0,pipevine,0.0,0.0,1.0,0.0,0.0,0.0
yrc689bc3e_0,tiger,0.0,0.0,0.0,0.0,1.0,0.0
ys465716c9_0,black,1.0,0.0,0.0,0.0,0.0,0.0
ytb0d27ee1_0,pipevine,0.0,0.0,1.0,0.0,0.0,0.0
yu9da313a9_0,spicebush,0.0,0.0,0.0,1.0,0.0,0.0
yv52efb6c1_0,tiger,0.0,0.0,0.0,0.0,1.0,0.0
yw3d89d3f6_0,monarch,0.0,1.0,0.0,0.0,0.0,0.0
yw449b37ab_0,tiger,0.0,0.0,0.0,0.0,1.0,0.0
yw709e0ca0_0,monarch,0.0,1.0,0.0,0.0,0.0,0.0
yw7b3b5ddf_0,pipevine,0.0,0.0,1.0,0.0,0.0,0.0
yx4af6d5b4_0,black,1.0,0.0,0.0,0.0,0.0,0.0
yy1e736add_0,pipevine,0.0,0.0,1.0,0.0,0.0,0.0
yy8b5e682e_0,black,1.0,0.0,0.0,0.0,0.0,0.0
yya8636815_0,spicebush,0.0,0.0,0.0,1.0,0.0,0.0
yz4b1cde6d_0,tiger,0.0,0.0,0.0,0.0,1.0,0.0
yz69f44832_0,viceroy,0.0,0.0,0.0,0.0,0.0,1.0
yzcf14cfbd_0,monarch,0.0,1.0,0.0,0.0,0.0,0.0
yzd8771bca_0,tiger,0.0,0.0,0.0,0.0,1.0,0.0
zd49ddd2af_0,viceroy,0.0,0.0,0.0,0.0,0.0,1.0
zg05dd7577_0,black,1.0,0.0,0.0,0.0,0.0,0.0
zg1090fac0_0,pipevine,0.0,0.0,1.0,0.0,0.0,0.0
zh9e498f03_0,pipevine,0.0,0.0,1.0,0.0,0.0,0.0
zhf73796dc_0,pipevine,0.0,0.0,1.0,0.0,0.0,0.0
zi22cead5e_0,tiger,0.0,0.0,0.0,0.0,1.0,0.0
zi6dae77bb_0,monarch,0.0,1.0,0.0,0.0,0.0,0.0
zj31b830d3_0,pipevine,0.0,0.0,1.0,0.0,0.0,0.0
zj6331d559_0,pipevine,0.0,0.0,1.0,0.0,0.0,0.0
zjd96b8cef_0,tiger,0.0,0.0,0.0,0.0,1.0,0.0
zk82554453_0,pipevine,0.0,0.0,1.0,0.0,0.0,0.0
zkb6092937_0,pipevine,0.0,0.0,1.0,0.0,0.0,0.0
zl6ee4deae_0,black,1.0,0.0,0.0,0.0,0.0,0.0
zl70ddb626_0,tiger,0.0,0.0,0.0,0.0,1.0,0.0
zna01e1721_0,monarch,0.0,1.0,0.0,0.0,0.0,0.0
zo727a5749_0,pipevine,0.0,0.0,1.0,0.0,0.0,0.0
zoc5814c1d_0,pipevine,0.0,0.0,1.0,0.0,0.0,0.0
zoda643e39_0,tiger,0.0,0.0,0.0,0.0,1.0,0.0
zr259b7da6_0,tiger,0.0,0.0,0.0,0.0,1.0,0.0
zr2c503aa2_0,tiger,0.0,0.0,0.0,0.0,1.0,0.0
zr4b528a61_0,monarch,0.0,1.0,0.0,0.0,0.0,0.0
zr871dec52_0,pipevine,0.0,0.0,1.0,0.0,0.0,0.0
zs42c66b6f_0,tiger,0.0,0.0,0.0,0.0,1.0,0.0
zu310f3790_0,spicebush,0.0,0.0,0.0,1.0,0.0,0.0
zv0af06300_0,monarch,0.0,1.0,0.0,0.0,0.0,0.0
zv673814ba_0,tiger,0.0,0.0,0.0,0.0,1.0,0.0
zvb243aa20_0,black,1.0,0.0,0.0,0.0,0.0,0.0
zvd922850d_0,pipevine,0.0,0.0,1.0,0.0,0.0,0.0
zw57983030_0,pipevine,0.0,0.0,1.0,0.0,0.0,0.0
zx2c43fea0_0,viceroy,0.0,0.0,0.0,0.0,0.0,1.0
zx61cd7b78_0,pipevine,0.0,0.0,1.0,0.0,0.0,0.0
zy16ddb9f1_0,black,1.0,0.0,0.0,0.0,0.0,0.0
zz27202dc0_0,spicebush,0.0,0.0,0.0,1.0,0.0,0.0
zzd5daae92_0,spicebush,0.0,0.0,0.0,1.0,0.0,0.0
zze50f4f4f_0,spicebush,0.0,0.0,0.0,1.0,0.0,0.0
